Id,Price
725,184457.4921346748
15664,271077.533084059
5502,198312.1015887166
4220,354422.6699694131
11538,262554.3594302985
15975,279493.0379670755
9286,116493.64149690792
11260,203794.8369334723
11307,163999.84043202637
13543,333599.30566622334
615,195114.6243702055
2321,272485.02100175887
12046,174884.83759936428
783,127978.94723907736
13454,157534.16246316757
12190,247320.8405068338
10291,163181.02761651808
891,281264.0032156629
3818,263057.3869889777
8317,139755.11177931784
4922,187612.28123413818
1257,259652.52691409562
9348,220195.02601698396
4176,140122.81628717424
6624,130990.1944885457
12749,189600.45373416413
8994,259597.7883128951
3047,154915.19180460984
9519,223970.24829746113
14081,268941.639770168
8334,256140.18962504924
6343,136545.7729622377
15748,332204.9306172907
153,252985.45516769256
14149,222975.85496473854
269,165760.88932236267
5452,120765.0690373081
721,141194.14651568368
5079,292696.7142127289
2831,110812.84005459084
10131,288292.3493003269
9996,323723.8857385817
11733,292815.0222539959
3726,240893.0116842066
16182,247492.54832789197
4976,190156.47003378166
9897,227389.20883937122
14074,184168.52139596175
14232,207069.0518913241
8532,260612.76024850627
3133,150902.3930469451
8596,189420.2217594912
8377,275231.1392353197
6367,329396.6538286957
6917,254947.8684350301
4216,151605.93236584647
5806,149857.77549037995
6632,184253.4760214017
2650,155942.80235031375
5396,210951.7435715745
4044,147633.43498390872
1345,229676.83337450732
856,147136.92133941618
12791,220419.2830799413
1919,144228.82287155744
15554,187004.03614547598
15834,219110.5357946473
1355,231586.33071769407
15451,141125.32797665324
12401,274065.2054160436
10290,170235.54793846043
3420,129188.70148103673
8949,271744.21308677614
15567,215559.77526867925
16389,136219.68484605098
8990,211075.35381069826
16089,254803.3762756993
2428,93190.17697835813
16741,179783.8992352258
13193,243914.89867981098
12588,299621.5666826171
5067,146188.63666330522
2292,175415.85150790465
2147,198897.1053562009
10419,319728.651917921
11492,226260.85887033876
3006,228942.20941984974
8761,233797.045507239
15371,301883.5138283544
16367,211335.58066752175
10878,251366.08642672136
3895,134434.7208779732
8041,165151.62139076012
13428,321206.6606211023
14669,173664.8540375462
1006,200174.854694349
3764,396283.0886292572
7675,185195.04286457435
8629,141149.3426073292
6096,165091.24432305124
5157,211893.75438513793
7391,189542.2745198796
7425,131149.51227208815
6882,334077.80119554634
10752,283481.8650166241
7472,211886.0500259421
5317,199332.090747002
3464,177340.9070405668
4197,253223.8942873057
12705,181642.46822935628
9946,261601.34465317713
5341,235194.8895687763
9923,335502.0973161285
7953,254057.98813087743
11066,277305.9613612971
5037,170317.47673992557
4937,349653.10591109755
4964,163352.80402690428
16500,239581.73243773676
4625,134959.64469815305
2363,294254.9777955342
8148,193374.62920639367
3804,209345.2702829513
4584,133588.80901571416
2691,267096.0686599093
2983,203403.27671446622
13563,310490.5496012939
2789,224068.41515156114
7214,271302.1871597977
8659,282236.72539280204
5107,292325.1440399461
3843,181238.45120503195
14610,289493.84982744156
15505,222378.61262904876
16055,274594.2680700676
1672,150562.16448640742
3209,216923.76699933637
973,131395.36505959023
12529,176142.75277640752
5450,213267.66601707228
3249,148378.06598294465
5898,236057.18537747487
1024,200874.43008877494
15804,167809.90408263204
14303,155577.39123152394
10707,243125.18593500042
1138,405278.58901054115
14088,333045.20765417
9154,184464.13613605435
8190,185784.71384579176
398,245854.93616691884
13302,294685.2496446444
16230,242080.84840587305
923,211133.37479883636
9602,260948.52684160415
8120,160258.58703529905
11726,151682.09918056522
12420,228490.93016043678
8604,281828.05854189233
4854,252225.69728579326
12099,323030.56290967145
3882,306192.9915592672
6995,282431.05721965816
10172,188600.3552331464
11672,245485.34020738787
12897,275974.41545519873
16097,185686.0947852088
6779,253012.62828849233
11199,202429.08741649805
10816,320124.43968987797
143,282840.30108109454
3286,169557.9007103367
1935,337350.0971482002
16000,163064.75796142506
2860,222630.78097760706
11407,280949.17463327287
12278,189027.62890659302
3842,164520.00196771673
2692,310968.35593310266
7699,182161.14151698165
6825,256644.8446735277
7268,229333.12120839988
1477,329393.1174628117
9887,154867.2613075853
9436,214092.6307584928
3179,240692.02885060536
10643,216880.69266983162
5793,218575.61809426185
11494,411535.8630041845
4206,176631.01487694104
12419,246289.28315282112
8530,181435.1193772236
5985,174766.30464803783
5648,216802.76498982898
3014,264255.2172823144
9189,321234.180187011
14884,200438.33245809504
10333,198103.17465103284
15896,137282.330131231
13269,130992.57680110587
8603,228689.0407570899
15087,204833.04166478943
4344,210748.14750775573
10908,278123.71033792355
6190,164945.28146451397
11742,174595.44253762346
14667,194818.78824519366
458,155206.56979804387
12320,244708.27284415998
278,262058.3322310592
2912,210198.67778635724
6698,195752.24151346507
4510,133929.78212013916
4183,225028.0438293398
7948,196062.48721485963
10808,211988.92909220821
12432,208397.63112164644
5356,197777.6454731052
8984,362516.4033498791
12041,124995.23979991279
7644,295435.0350413998
7071,199446.09888780385
6763,218467.74479813152
12516,112853.93303591863
3288,258391.06190518232
3954,183978.12500628323
11955,216937.54560356046
1211,183766.2863329379
15668,228608.99199945945
9108,173915.96359077713
8290,174460.1177489375
4304,310584.8122019552
1930,280881.70494910504
12530,237265.26880666346
11295,194938.0639029009
3002,123370.29124564724
15483,201343.37760136323
11525,188070.5996072868
8325,138905.56500519605
9165,185365.67177069868
5457,121558.47260664881
10234,339445.24753494246
6251,135103.02419665302
701,269798.8135874509
7930,183242.1015071578
5805,163454.25276444823
7411,291688.5933813922
7890,174793.1519815994
10440,126786.16176013873
5381,192155.45985900855
3800,357220.25616311026
10511,286117.1034709639
9324,285276.7926294833
3313,203805.6258470656
8459,227934.05067914177
9957,140784.76363547693
4380,240094.9170892659
13407,271297.54647175083
13258,163264.2750079804
15993,304915.6643816647
12525,177896.35441910254
4062,241383.3522465665
12065,249116.61575717077
8227,177631.3909280199
3319,211117.27770194958
3523,295871.12617309205
14930,178141.43258222414
2940,392496.42837910366
6935,278924.28651817684
16116,288337.5194506153
13370,266760.6485779437
6103,272432.5282880323
7446,163101.11152930453
1859,177164.75857275375
4079,230248.28996936348
3228,183440.7099242375
15957,316129.4602488075
5980,274879.21341358364
2008,227884.27116990322
6754,234786.20310480858
7096,305135.0229388073
14297,276476.16334816336
3967,212609.8843473493
16485,149732.21881892948
13075,276619.26897865045
14289,180161.3086484947
10988,145093.20795899036
3230,122780.81097670645
13250,169361.58342493465
7739,350298.46039010276
7213,198588.90298855765
6639,238115.26345887472
3164,271711.09387693135
15207,140228.8123822263
5113,172889.08282909385
3929,139392.2663370744
14493,246578.07746555074
2033,208275.13549080613
14313,115027.8498565096
1028,270862.0052329141
7187,109624.3197648626
9869,318848.91471923166
12644,190366.25240609865
9196,249310.9402017261
12326,191389.88967560185
4936,191902.4748046358
13314,213273.38864556001
9857,332511.87526410905
519,175309.38383699238
8410,179196.7814342868
1720,163578.94377562037
10341,197354.10706781014
14415,162464.15565639047
10613,333629.49357645045
8027,246239.77479742066
1370,131222.74724989582
12708,151651.31292640953
2250,203127.89638025477
8525,406726.3117681282
1538,288810.3410144092
1152,205465.52212911984
3331,307857.3117893854
15203,196501.31052190927
4247,162011.08242400904
1976,360821.0696188298
10078,231549.36168767908
1938,214914.9214503055
7819,173600.02091340197
15634,208945.34274379833
9313,161976.4119509532
13442,224731.67604659317
9967,273442.3158074642
7893,211262.23307681165
2861,202286.2169299422
11031,342413.67640635825
15073,128308.62967806129
13837,217074.26742700057
2524,279232.30563333444
8617,196252.216589591
13513,229698.463711606
3081,285115.66504136106
10675,410054.8363229087
16577,259047.50692175544
5231,289114.85300282435
8363,277564.84817182005
16330,286188.4011913327
11528,161833.75769385573
14799,245444.14890168788
1611,301132.53540746594
9234,170188.2494182043
11567,373013.96858651924
3070,214884.54623596743
14335,347354.6999009355
137,145093.3829814779
7182,184482.96456397162
5194,133350.40835379926
97,336359.31547912414
5118,302734.4068655429
13920,315021.99726374936
9952,174483.73274826794
15337,217065.36800842645
4048,300372.9097965625
171,151124.35939849733
2740,113594.31169599481
5573,306251.12509816425
4481,265615.8465531276
2631,146859.50745405955
4984,233681.4510498261
16716,94650.88732971443
10115,228991.4321555487
11757,170461.52163301985
15546,161056.2446116184
9018,374500.16410902154
2075,143292.64044617215
11170,309478.5845693121
15733,175963.84324446612
10734,312172.84005233675
7373,252197.2915808888
14736,169800.920133162
3458,98753.20519351051
6183,175554.24890898663
7825,204334.6934308901
16775,244873.9925734304
5717,242352.74514634744
8189,311260.6308961809
4423,179952.0076630597
3994,168703.90361521184
10342,195542.5875651033
10051,201135.28032866912
12593,367713.2156928925
6933,266227.6234457705
1761,120165.36039267492
7157,325262.03676801524
15169,140580.6698532236
6792,321285.7847760648
13830,173677.47289149236
7240,218052.63311652926
3051,270253.52842117083
4603,264770.299607621
5729,162712.46733175835
13473,371312.90867065126
15104,196546.8422764248
6599,299262.44270322897
2216,243225.37754764943
8721,276258.2128029585
3645,173353.42084553395
8664,198501.35919942742
11001,214092.86237162142
753,134758.90339091403
8129,198190.36460419453
15235,202821.8742130822
3359,220575.46188909176
10424,154583.4586940952
9252,132342.50647052092
3008,243274.23314469954
5849,197303.13241914095
8494,179345.69038896722
6764,222398.0702215145
12445,207683.19810545532
11716,145992.48266081
5669,193055.51562546392
11427,153032.3281291207
11065,165771.39727078436
8910,216050.7438841029
11913,171404.61938450672
6221,152542.926293293
10839,200899.47968655918
6866,188740.4366635132
3024,152346.7203220426
15904,203610.24086705112
15858,336433.01715346595
9911,195742.60905501025
16579,215134.60672890878
4394,260139.73296766478
1468,317953.4129643983
12965,141316.85739325645
13040,130427.93401167466
12864,257482.44577273546
14049,181469.41250811488
12019,136345.4573928381
8948,131004.84717912582
6943,142695.8692138297
12564,298840.5492677568
7962,175735.73202555557
709,127390.34131467907
13890,210485.6388534669
8726,355665.2376195786
6413,239849.47839788027
9761,155238.97950941353
320,223081.8018654369
8006,193593.52793291846
8551,184096.7369583018
9025,316738.66539188795
2211,174470.1206427557
10532,272224.92107487924
831,163639.58332374168
3382,184915.60495484358
9209,240164.31419113843
6937,345881.31951879186
6178,197672.7422503964
1413,273159.0405728735
6884,331537.69304210244
8266,238112.70309226244
3740,259558.62640555383
4229,242887.35296865785
1753,274965.2836734297
860,247270.18531765306
14219,159558.966012844
12113,265796.4580212331
11309,140624.94152080483
9930,225184.14770606358
10570,233480.93779104867
2839,181963.23070736602
5325,263346.1066900313
13733,182062.39665010275
7818,288004.51744077605
12505,194912.01761825837
9489,198273.42606654245
10106,173475.1317750697
7864,260706.64522936544
5134,228122.73256227397
11859,108035.18445423787
7440,270053.74555857136
1525,319996.78052716755
8,270828.5004459115
8995,214836.34880655125
8594,149929.23701112386
15770,287648.5054596418
15859,355300.1509126751
11410,313061.80119263177
16397,180436.14572426426
3572,128494.42489169177
969,178381.91894725943
6977,497428.1420614045
1233,176130.80805936002
90,253076.52105734142
16650,245582.52993538824
12514,245480.39397046226
4367,171115.01298191043
3199,235272.5010171751
5600,195649.2461955779
12775,219762.8780108476
14240,189836.28033223853
7933,193879.90886108595
6320,281534.27607883525
16354,284760.9280267068
3970,212605.33802948234
3932,164826.1259202679
7622,285290.2499699238
9751,165830.2496308854
2378,181137.9067848575
6816,232847.14226235094
15358,248035.00280127564
7843,129241.42938764143
10448,275247.6980988784
7840,269759.42345528706
8880,194809.55389750516
12551,268914.0725195894
15470,196900.4005639354
16207,234397.87699749798
12123,130924.7931376014
7481,178746.40373210714
16171,280684.8164302097
7461,326901.73040056636
13094,180250.63281316002
4462,199321.79595839395
16606,264162.86913360626
5427,278223.5546654058
7725,178832.80581203307
5409,179476.00500283146
11321,204317.43902114336
9932,145494.742217805
10357,197376.74998060107
3336,220354.9461327435
13,177128.65709207085
7555,156894.31229428202
15172,300022.9900666456
6989,240327.94200200535
4707,192163.85514894233
6495,157482.82694876177
3873,184551.08238855225
8917,300251.3535863861
4244,195147.45655959193
11086,161124.68750211294
10080,218746.3684293268
15057,255915.40110974578
1331,168959.099154434
8891,160354.48966700188
13411,170523.3822708564
16730,274172.432996256
2267,197069.2780278623
3022,207739.38715307682
11857,168585.3481217189
16512,155934.97641643666
2053,206554.42317707645
13707,120179.11888484226
12143,220012.06740796013
14080,160809.13144467963
7936,114250.14740065904
10101,149388.13970020541
5663,183346.081612245
1366,176438.66194446688
908,213616.09720619395
15096,339776.4492771407
12701,163317.99197442352
9501,383616.2223212027
9346,222598.27193091786
15960,241304.23862294853
8230,152725.65839032514
13843,195728.5226063077
13810,263803.8739902145
15650,217241.33269448066
9974,144871.11516356957
12200,189609.18931624765
538,239520.89331229607
5334,249865.43030222878
4817,143664.47857250867
9041,266525.7585100704
4852,232679.0325090062
1503,201851.73906360194
16256,361065.1767730748
14382,161083.90211785235
7248,186952.0634800063
1200,208145.5735310854
3563,175272.73776224814
3681,311784.5471698145
3053,272175.425475943
4099,212299.42917334428
807,185531.4524261406
4658,287258.75260439084
3535,187070.8841283843
12548,166959.58433713083
5851,208826.94182984222
14449,167211.40123380552
10727,193941.26832543948
13646,255595.76835719805
9599,254423.81995142734
7135,296754.68636192597
5943,315583.28972395085
6766,225576.56003687717
5630,256921.82997806015
13586,174094.3224191275
3507,315764.00363087055
459,233317.98575753067
3582,263715.7525971975
3372,199538.50312498736
13109,254563.94559064775
8160,229601.97613420518
10706,261922.5774021161
13712,190964.53398605355
9750,300240.26936774235
16248,296178.5194615334
3170,167894.26376060327
12700,234616.4827794835
10601,130122.60725302104
514,248140.11497328442
4010,250785.77231494407
8124,128088.55608471244
10800,188334.000739889
13628,178446.70597529114
781,188924.44228854263
16156,195437.7242705769
12618,246151.33139855985
9766,149165.83129180846
15987,250559.55734651082
11051,308692.45931380644
7673,213078.52435668214
2443,199436.81744810514
7413,97740.5084784234
10921,251073.70808307675
12404,311614.3392645346
10714,221629.1869719149
14286,243552.43283885974
13828,392939.48822646664
8926,324738.08284488274
3913,237841.65542414493
5221,197860.4239943662
862,193426.53007268265
13907,126162.20269588992
2045,169901.02570838452
13321,193914.1225027172
2762,215710.5294837861
13888,134492.11783327698
8487,228188.50751930632
7146,144980.497328036
13760,218052.5033590161
11958,301742.53337261605
11350,200142.65662650997
5527,248851.44784455642
2872,155987.97424939636
8602,273888.1403441261
3067,208968.08414325054
10435,202813.35795435833
8700,207073.5794941124
10961,176066.80834576185
14305,219091.6015948702
8362,224140.67404130497
4979,125698.41840011196
7180,328572.66261230403
13581,171804.8564594423
1358,210241.94547921506
13366,311234.18416350556
13539,326417.99256527534
12849,270833.60605012474
525,322596.3373920799
12223,307723.6952969377
16588,263305.5036930584
14663,225401.83604240947
3,107750.57703621272
12215,293204.08974681614
304,309681.3757364448
9208,168466.7366375671
2175,146174.92175249214
250,227214.48386640026
6045,182477.61646330327
10516,168261.873047185
1573,171074.51296327024
5500,186755.0428455944
15775,204697.4320309623
3198,163309.38132628117
6718,170855.97407694173
4149,217107.2922261404
9627,268653.3586731458
7595,250275.1508827833
4538,170256.19142136467
3555,288290.18080003443
8834,169588.08817135333
16412,154604.45419536653
2767,216994.3949667022
11498,198471.28685631143
178,241072.02712276787
10948,211866.30116360105
13313,285074.65896943375
8065,146148.65417912073
102,131158.00501980464
14428,214315.37523278611
6663,151621.1646405388
10955,349307.32875191147
11364,231394.64237442927
7082,164421.7985282382
7749,449201.0295203245
295,142583.9256137277
12266,215646.79428313364
11129,220462.65793663805
826,348053.0633132909
3262,233105.39204038848
15641,326818.0176486569
1662,375994.91571268486
10232,222776.85306231986
6376,152046.4734883239
7817,193130.7577405193
354,204849.48908727185
4696,298042.2520499162
13562,436381.2927199624
5436,166692.66509743192
14939,278946.5520437799
14004,184597.72601060726
5916,208244.61664943694
7229,201495.48726874642
9143,140796.38507054833
3440,168964.59085231554
319,220017.795612189
11683,215000.80210814677
12647,244848.0748974654
12788,116858.6731580518
423,284815.29497961554
5222,190241.39125513425
4855,153127.6778968582
5360,141274.60632916307
9799,209888.65406649298
5526,282665.2285493519
10309,157247.6416483714
2144,349453.5539198346
7191,156054.10280987545
14789,125035.68759101228
13525,164011.00093546178
4066,331293.14807256596
16422,224432.46978396486
14890,199287.4917239095
2922,216608.12081895693
9496,330354.34379294846
7115,324607.136474643
10623,180437.1437564792
2272,167385.1825568966
84,158767.06737916527
2595,257831.18335580372
3531,154099.8282934004
7460,336231.87964356766
9214,269055.0849554999
2790,278565.3231467864
10548,270836.550362573
9218,155184.21767545497
7435,212560.18866705877
15780,175227.70020064508
7640,278038.6639690634
6223,172930.68943655322
702,266361.7711503966
2111,194485.02510065015
11730,211687.42202575714
9865,240557.20150662633
1885,232315.83889353205
3956,305310.66700623446
15264,167562.9507263034
15971,217779.5518425422
5584,200917.65348514973
3934,182338.45104821387
10164,330612.24818498344
13304,184388.0158045079
1985,177815.5402142494
7963,200059.16248932754
14083,234352.94889712537
13140,210700.48658172524
15023,241223.6544317793
7407,246716.9271146839
16056,210619.25731848116
751,431996.1499329452
9137,293206.0790332576
10884,213761.66725186812
12858,284976.4669989973
13005,264837.904608421
16714,173110.9135887471
1419,227101.70551021426
3771,182887.32161885657
5945,364217.08261552895
16748,280166.6618694985
3107,157037.74047417264
1079,209239.34694712673
11705,208004.13646170287
7814,223591.68758792535
5265,229876.3530454347
10520,351049.2317382994
14601,350066.55312442424
6012,197075.67089617276
13079,195293.49831528298
4840,208673.68654003792
6270,272519.1115274063
10672,285678.148594746
4573,124363.932071933
12118,363053.2170597104
2171,233680.32212414668
6126,297263.6122358262
2836,151274.75717349403
1457,260891.9256139088
5923,187609.3889243671
1813,253699.0629344685
3492,268615.32521581993
1917,281851.20431636146
965,329706.8546577292
15795,124185.78540835978
821,219024.05937592813
4568,177208.77584437345
281,216573.19122106634
1918,283958.00977449503
776,144733.38722056663
210,241302.88592198695
10782,142296.7763138305
9653,190838.60620233987
9372,174486.1029725002
3969,100476.30721103167
8544,387609.41500431823
5219,250845.6972736938
16488,126802.27468116529
5855,284200.5972873606
4393,312557.00133149285
2900,130440.33585448627
10969,110762.86310883198
11029,168876.80547736364
6193,341679.1035948957
13623,179826.13141166302
16689,196781.7644237643
1027,279168.6870239332
672,148611.24440805567
2471,176321.27794532187
7742,216737.10535535298
2698,215856.9742744153
9084,170036.07799425774
6075,288748.1206859787
2874,235053.7039962695
13119,133190.9919960386
5010,180609.711273645
1284,190212.30336675857
1151,137915.81953999295
5110,342971.55287618225
11386,233197.69699576567
16110,139961.5405799438
16027,238666.25363309745
14902,166859.1775222901
14301,205459.29586734984
2451,302925.2270646438
13596,152852.71316299133
1464,137366.57303391595
7927,303425.1621127492
8009,271633.1728569576
11903,171452.84725350694
547,198702.6449755316
11247,176695.41879214806
15928,295409.6354880268
3434,194980.31139923813
1380,175357.12435678975
5994,134669.21998302685
2787,247529.36061954207
14410,268337.69800416037
2174,228391.5585373665
2575,364253.66314561653
5812,337259.9858308373
13589,531499.00637587
9122,151756.86496786983
8159,269203.9877158999
8754,272023.8211711939
9321,214625.41406884714
2083,178365.42863897362
2689,308863.3123744775
2248,262799.79766223393
11649,153154.68730157462
5962,136845.89313064207
4642,186880.33843946434
179,153147.91690337536
15347,293845.06542183907
3339,166790.33653856552
8166,223013.9152610032
11617,139749.41362672235
4395,241276.59339333553
2183,248693.99813011335
9864,208716.65755210916
1903,436923.6828494299
13451,202044.4808340725
3640,197334.54987673316
16551,182826.84593542432
2343,190496.4498243431
10528,241544.78200227406
134,268356.6888446882
13966,228017.28370648966
2366,176643.47956615163
1198,201609.7850496517
12627,114857.04462527303
11623,283246.4153377027
56,220987.6936886286
8843,250314.45716250793
3043,278696.41948308516
16486,288151.1943251615
1241,180831.17431278573
11180,313051.06156161265
1984,217265.53023294284
7364,118746.22473929991
16617,259413.38535284746
9007,340725.6203795486
12953,334947.64555692754
11366,201643.6750211286
16483,169928.34236856125
2326,214761.35866087285
14195,151281.45866209373
3484,274422.5714791833
15257,205447.61580704967
10353,158558.8286434493
12755,255104.13173533714
6252,170906.03947920637
7485,176224.1122244987
12603,272378.21769169514
10708,158537.18722090713
12563,170798.8230899726
4592,200282.86813371256
14108,113650.98627603432
7320,268798.3905529858
10258,149165.8503038424
507,202019.5966678161
10365,196520.07045553043
9363,204298.92699030612
13420,193682.48580495297
13248,230798.41330007318
16455,187124.87103221094
6283,178376.53771987616
14979,244481.47858219902
13935,178994.131358261
14129,206478.50776610698
6254,157605.26938288612
4173,290737.56444994477
4910,275747.7478518265
1297,179509.37902945437
3366,140267.24357634265
6259,109486.19933249505
8723,203606.46973388124
3721,177994.95556424558
13453,297105.2558576383
12998,178883.24695461773
6886,188517.34568883484
8200,290134.0618533118
51,232755.23908336443
3930,241601.18138895283
6310,191762.40584737743
7522,329691.0472110957
14940,423984.9625525864
9894,335635.68111897074
7095,280046.0605642658
1770,253431.64111192286
5363,386879.5768110592
11360,280762.3800431776
13034,319513.78746580856
6542,186125.26529403217
15870,202808.69716853672
217,270213.6788316152
6490,265181.9495567635
6692,365853.4143467823
12617,143714.63894553453
9060,224447.80382093205
12230,190598.2842161919
16596,142547.52316384413
10618,230670.33909459878
271,221861.923738698
10817,227031.61871634884
1823,300646.55868739565
9549,106269.02688312269
1201,233608.72502320498
2112,212035.54127935466
2951,150565.20826878466
9232,241372.72333807434
3033,272554.2115870446
11002,239227.11631330068
8299,279314.70581251977
15417,181610.6813081028
15612,290741.10031606065
6168,229924.97741854226
13751,206448.6707739312
1005,308317.51137064956
10740,171953.0189769116
15323,238198.9907748307
6185,196020.69516859268
7538,221785.2110269126
6256,191889.65877926198
619,368060.22436795844
10762,244734.34942140238
12392,135174.70615765295
8877,336732.87411300256
2441,249874.18523839448
4974,168207.42029571597
15837,212888.87589710474
6591,161305.591378605
11688,243436.70176426775
9940,224926.4250649436
12070,188244.7266766737
12876,186178.108038357
3596,199877.74745744513
13540,107270.90204783075
2077,164848.41151965185
5654,311102.92493212817
14029,271131.60930512607
13303,397524.67701090785
15226,151519.72802402248
3330,202822.81598373817
15642,191476.88522747834
16217,396046.8150435579
3894,122957.66006270229
6719,173303.94880045595
13013,185803.77831977833
15835,250648.60852178035
10873,302403.05294835445
16379,259305.6216278781
10771,226794.44790946116
13943,145066.66368926445
5309,215763.0596472493
14227,341273.733076499
16292,175003.4678081111
13277,194863.90213276533
1731,169838.41204949125
7455,145748.92730250757
1659,175106.4342518542
15806,332098.0666834154
7491,157321.59548871306
1990,194986.19179588632
7769,612815.0483447209
9694,262907.91310458013
11961,207743.12312440033
5517,155499.4613273305
10449,146786.35814591515
2941,253874.1283972499
5944,146334.94065488502
1555,225304.07110690343
4453,269202.36952561844
5000,248392.53287295107
8905,231675.35674239893
11440,169972.95276050328
419,185502.32944784488
4712,102130.64011151111
2094,172198.0143582482
4567,140271.98179950682
10717,173552.47194515186
1248,290988.00124896545
12405,215798.47644153185
8331,284072.61341049464
3113,171312.97684340662
6926,286824.8640477487
6777,324553.51018106093
4060,189342.33243761497
15199,178310.7436153264
9282,219676.9699072141
14094,172190.27840726043
8770,229272.22499459086
1054,340910.88184156275
11363,176576.02419911034
4800,181343.33957676677
9101,154036.97695256997
13600,340496.16520972655
2893,232349.8704376279
5347,141865.52162193076
16333,255022.69466565858
16432,318032.92873293423
3513,144470.42828940263
13494,205988.0887414064
8690,151090.1893503131
7266,167376.04527846252
3472,158403.12004179665
12952,202480.79499890388
2774,256071.60728272697
607,185214.33524880337
8220,270896.6227980081
8071,156183.69916402135
7091,288418.3535133465
1805,328027.49077363306
13103,227903.3805042783
12622,174722.19733331894
9461,59282.706076554256
7759,102854.45841158996
4256,193935.8766155204
9093,176760.76492649183
6033,255253.9136827062
7734,200996.22887468908
12368,304617.9762878736
11740,217631.56639040489
12398,253562.65237431054
2882,230136.1611308193
5091,211956.440019831
5953,330777.4533848917
5707,332216.2304266898
7813,185670.80070284742
6463,187513.60976436886
5405,168201.53147706162
7543,215436.4424202335
13702,240172.33022827277
5538,178242.17933381622
6762,131375.3251415863
9416,177583.38130667456
10415,337115.3223136619
13273,273407.451176019
4884,152682.68513284414
3438,293141.7782264538
2215,174266.8385106061
2340,252034.792277819
3950,222347.55715303164
7312,145352.59961781447
3602,287740.5868937522
14068,218692.7931896845
6216,282958.945914524
12910,215156.6741374486
7656,290905.5585702705
7854,166924.16768417624
14636,176204.73583730042
12267,267089.9992574582
11334,321909.30703560496
9326,252752.22147524462
5935,231224.96499004436
5009,153377.22762654384
3883,250495.57338006713
16736,168716.47962595953
15284,108945.9086686247
4301,241620.4729077862
4273,355716.99713527196
8436,230694.5381661952
2113,373593.9046715957
8469,268024.7956239008
7526,226413.91872682108
9656,302506.4608333814
516,172450.8293489358
7013,204096.91645423783
13741,322348.55195311067
13281,197514.45654068113
12374,285994.06709216343
11855,282808.62650649366
1667,164956.67938187288
2452,202921.3006426114
9899,149465.44473253275
8151,203142.15609565197
3926,245528.51253137988
6394,261747.90888127027
578,295322.0882515297
14836,253855.11132023414
1741,183150.684904329
1278,164067.8020746007
1803,224057.28135228867
13693,234176.17539613246
7321,203105.81988153158
6966,203870.7696315116
16613,208573.86823696253
3148,349984.73640456866
8920,145801.63285063184
13984,381505.9418182763
13893,201379.18765621865
2495,140948.16475630668
1695,117388.37871518958
14995,304506.91124440916
10890,210439.75069117942
5282,342889.79772218876
16615,248745.73647450696
4545,324650.9903297861
15707,213856.8713993813
13931,230123.3015587608
946,150287.3650787382
10220,148768.7431537726
2604,188936.43568865373
10761,357812.78807854984
10982,339202.54929199733
11729,262344.37644690095
5323,191607.2973753201
385,260920.9531206707
7039,356241.0378272393
15823,291341.07783679245
1282,160885.60554127354
437,164434.9769127018
10104,174823.951507179
16321,131316.01220809313
14291,212829.42040562886
7781,173364.22761219292
9037,265298.4289814624
12937,166628.43880816776
1746,236359.06337963737
7950,289847.6501687456
11552,268157.25816929556
4805,317072.1763204341
9152,307993.5015163722
555,273298.2143897371
8515,297035.14849094715
13915,194964.03929129848
16625,169334.99170424195
11870,360316.1739308628
3304,136977.68351870967
9636,295927.9831425543
5232,305808.71493377106
8878,184029.2097738391
2756,227332.8670756278
5140,166066.21595736296
7149,282536.79889651726
5957,195699.19225868635
13766,221594.3748462597
7778,151109.18457235763
14213,188106.36272503738
12691,190171.6915062415
1658,145073.41790191567
14260,177853.09810406103
8870,192851.54920546827
12054,220325.2919553654
9386,320469.8055877778
14378,287244.7011726217
2080,241476.91812562593
12729,244960.91401992977
3149,232937.26176080044
245,161851.614054746
11684,292136.6519210221
1828,104806.79538226483
13464,217111.16493703192
4023,258984.07952191425
6563,176201.87432906876
14075,399871.120133045
5722,152566.7244446858
2549,275154.6782739365
11576,185711.84263883368
1580,240796.97365868732
1588,337408.41206636414
15197,173487.3763427245
190,157137.26377389062
12254,140132.24812806555
3991,175595.58554964373
5076,224278.13080220396
3214,95234.09912209673
2348,215304.48217484
13573,207069.17729080474
4207,257141.4615409001
6529,278232.1420897531
16043,128590.53788923123
12297,154788.03520784888
10012,220114.99460404582
1874,147704.64407432947
16108,230772.5660588558
859,379413.6469473298
8415,238038.95029384474
6269,387834.5704429867
8350,242454.94104121393
11908,197003.36982740212
3669,518146.6159757621
5702,322633.93988461664
3480,233726.1928429447
11965,185305.0628923205
13797,262264.7127762638
14915,163654.5671511478
8221,172858.22060321603
13804,253189.07362043037
994,168865.570840012
2118,167995.01940239198
15158,205348.7234039515
12409,311518.38883905276
9260,243435.8434728844
3265,189789.36720536114
9316,252111.12552300643
16208,244289.0460314693
16582,202571.5024501278
6338,258904.55605971115
3396,146418.96291473013
6068,229380.88383966376
7020,168506.501760329
4172,168375.9193099126
12959,320788.7411132489
14402,176864.81940048287
6611,229008.98063145299
3213,296481.6632907927
13306,134084.32623677206
5966,194518.7702528031
3685,293760.95223735744
6507,175358.48062029734
1771,114852.72422103258
13367,186783.99283573922
11128,159905.35106965108
11948,227512.8096391629
11443,175405.8378916087
15056,267571.83053496835
5114,312566.08439086704
2044,253877.11591257533
15180,213767.98283219768
15543,108401.30003882915
772,240070.89646794763
990,222203.23936514952
5567,178529.25192425703
10805,243220.12215116515
3951,207164.35026985232
9484,170511.51897943573
3867,328617.70414123154
15605,234192.76207938348
3805,192966.05317943828
7254,267760.79586630495
2179,172031.8573139998
12745,167787.12367428222
7310,208892.21829090465
222,132963.3579677008
14084,273321.9376003426
12318,227792.23798551725
7368,244618.4873892644
4027,209517.76020013937
4106,132295.15290712894
506,227733.3556398159
1995,250744.77183373942
7165,219788.84061506076
12615,192383.81414613593
16792,138659.6965016254
221,261513.93001762446
4364,126881.25238515536
16630,143945.40200994653
9624,358905.8106985676
6967,286816.1207926516
8070,161060.0011899111
675,183248.07706533262
7201,219116.74929821683
8254,156329.04624056089
11325,205322.99294348515
5190,316391.54100859136
2886,263780.3365146569
2668,186210.53807404538
11036,278921.1372150614
3259,269127.01743851026
2261,372323.65784528875
14931,264971.00962176826
16398,251766.23220297403
7132,207502.00680973398
5700,204725.68222690868
8186,235516.20443772525
11269,339550.35755074216
6313,252796.11832550768
13396,189706.8170332061
13414,162712.71036629233
926,125210.44307867228
11452,96562.79109493282
16228,328548.40209574526
4485,153047.773696605
8306,256434.4958981953
2071,191536.02450480417
10544,188050.15297704784
11253,385523.96437589405
15213,373804.74390710966
4518,245949.29784979712
2766,179270.91088300862
3275,230811.72996613564
14971,165211.1549497567
14863,137098.2444209925
1352,226620.14517845714
13021,300928.4289908325
10489,224320.10810800322
16275,196280.95135278726
4272,160888.81953180674
9557,210943.8445562839
14381,272465.07834347524
8030,220899.65617956314
8080,98667.76071333239
9876,261150.90850267716
5439,189135.9214547163
9919,177767.41888553143
11686,277312.8824599134
16643,405522.25768828107
15912,246169.9712763807
14237,204690.28218681808
7965,262653.3188546512
9778,135799.4886310692
12007,131482.90436662192
12062,232826.9231431805
7762,214235.00040453253
4381,386677.4599307906
7986,152233.39539823623
10647,250508.66196612577
13452,210454.5388644362
4221,280632.1910537114
16384,149302.99401467643
14645,221621.10291317565
778,246756.6106577232
6633,206128.17302009073
15137,152436.99301018124
62,169381.18781505263
10606,268235.7868612113
4161,183906.00362186966
7363,294119.8332126489
9568,236240.95822444727
9901,238192.98436598654
12479,161399.50711210445
3357,518753.975599231
15088,192885.42646260426
988,238345.19678336254
5877,304245.9761757339
1683,198295.99849726702
5206,269257.2873221853
11155,204874.52968974045
15339,136889.1929454847
6113,159113.50728914246
2181,238782.38405463216
1023,270052.1137369322
1646,267176.5003173352
5988,178871.62547711312
6369,146862.43839548388
13240,332731.38174975885
3481,149021.59995400527
3479,250362.31177793146
1698,353675.7554324669
13154,242432.72747816646
7802,209341.2883824142
12895,359354.9059044714
13529,166865.16571459442
10932,177169.9963921684
15350,292393.6420912923
5253,254435.38180754078
10624,395073.81246879697
267,123257.8271494279
3295,244108.2058395013
9481,282781.38199462596
732,303230.37402727123
10022,342959.21761776926
6135,273156.6004138876
7224,245982.46126587025
14887,227463.573942127
7382,217984.3796705518
3106,242751.2644003299
14678,190847.30109487165
6576,214212.10134248936
9008,168861.17954686406
2931,259406.3315728273
10023,236887.66665844852
14964,142078.62050885856
796,255840.30575561733
5169,146303.33282726642
7372,209802.60923499463
4124,182951.46983807976
817,378927.1859734759
15779,144149.93782064796
11506,240574.13739408186
10077,243417.83697539748
10514,186613.97426822368
8005,186684.86917999317
625,241021.31606321136
9420,189152.82349638845
10350,225612.02935345675
93,328911.0306496631
950,214596.363418083
12629,287040.3745914897
16744,262966.1002832739
8021,188241.1931241203
12679,304001.57476843125
5767,245950.18033346953
4047,388527.64822675596
16235,239682.83058321505
10604,296121.38495521934
1510,276272.39290514565
854,156994.44866842736
1860,190393.4323235015
10375,238353.8600328057
15149,203241.34025119658
11375,194182.20493716793
3912,159902.3740988738
12097,326073.79554422083
16743,233404.350488835
4125,197144.08046757441
7671,296238.186490107
6287,170470.58433409256
3457,140828.18826703192
12935,142193.54171745782
8958,201357.46524336474
11376,196461.1800304324
13713,206040.39011631813
181,278386.8902562139
9312,423815.67541931843
7736,215631.28038045083
4326,247112.73346893775
1802,204625.8036634503
16115,167844.86960358033
16787,306362.90604212997
7107,174948.6208960745
6902,146587.75790273352
8950,345589.8099121256
9922,175816.331668402
11453,247726.1798896654
10033,208557.1025679877
12131,347488.0322336358
11879,224838.7676331685
82,174495.6217353976
14096,245603.26534471998
11577,228344.30472742202
6148,194650.22387606313
5883,234963.11946749693
15245,283738.41933618265
2131,234484.94224652217
7581,226500.34689995804
11488,308584.6937539845
6091,182639.22779977514
6427,151102.71536582586
14436,179202.64547273936
917,328529.74228060374
9837,426653.983153915
4530,284426.2610699959
4509,313424.86832419236
10148,219773.5113715168
11077,233851.04835699417
609,150925.06807856017
8805,255478.91283997608
5886,272602.56063412386
15836,171385.7739133878
11792,163536.0452664995
9404,285950.6881881863
6456,144219.148902776
16727,264247.4235129619
12353,167826.98825512227
9841,241118.9998626936
3388,294702.4413080248
9476,215334.64976206445
11934,161857.3150943197
2932,307734.1200852857
9972,197278.2707506356
876,172583.41946389363
13649,192412.62401188363
13444,326850.9637630287
12748,180482.33542385453
2003,154861.99303516012
2376,259987.26550457283
15961,161829.79093698936
1221,264878.64399939886
7064,267653.5120852239
7799,124960.82176597399
4549,348939.7180960912
11061,179826.66584064008
2132,350778.3190420913
14546,246450.8486212709
4819,259131.80812311627
13682,156709.65062656516
7127,299104.3961294651
10845,115513.31863113958
10897,206856.76364184474
8533,129566.61779792572
15341,263735.90280702163
3821,133290.09993579064
4306,318633.4839780231
1482,252567.1783628164
14780,295680.40610089095
997,258092.85767283483
15592,139775.68672580854
11143,193513.96381011984
12472,154046.74533133028
13991,287232.6820507999
13399,335406.23683759617
2588,279748.1123768074
14274,354444.6479053692
1779,176736.19133663608
11924,119738.33438163262
12486,302267.0488112644
13149,273032.24972621247
4847,239730.2598573463
15228,234780.96896318527
10069,275592.029806256
2219,317567.718316028
956,287038.97417826834
106,200874.97594144492
7540,358269.75908963353
16138,302874.465767754
4890,339288.3264453663
13752,253966.19562391308
7871,183530.27250433224
3957,308576.0521233837
9987,275717.17275648605
8884,159434.65067874867
11715,248072.72648807854
12945,213949.15675915475
4463,296158.3942957284
3476,210569.09507499088
4846,249856.45700738672
2372,231404.2449928848
16198,204113.88764438272
9155,387809.9945220985
6904,203743.2449509352
3151,182730.36559623567
1816,189026.80154711474
16214,285778.3273977321
6264,289240.2333513774
254,190103.06677108665
4357,155938.88148044073
14265,126202.56291842269
11342,126309.32061696146
5377,251328.3389282602
12798,135811.89271511207
16349,280224.9005231053
12810,279742.58875839907
15064,130003.1788251992
13387,231238.37369257794
371,264974.2876277974
12144,204599.40908608038
5555,342671.18502903444
13493,176526.09410311468
11130,203832.47049469623
8658,135268.76606653474
303,150706.39251340542
1897,230070.47746705438
4515,194718.87947137502
1411,187586.1329639522
13478,238158.7285987832
7546,288120.55318805284
2798,94762.81552862801
10267,336326.4107901441
1895,293760.53059365205
13019,334556.40002561145
8845,268400.37017422414
11402,134951.48306918785
13503,227359.1225166797
14413,166970.26710922486
11573,184112.20386023255
270,160785.11086789134
9733,180915.36167690653
2729,222064.50759776024
9331,229773.12179732724
4248,257487.08923321136
446,212614.05095999996
6677,201426.56196514505
8324,262626.0735107285
9666,421343.818624004
7303,166965.15982118854
2710,269827.72405046044
3334,162745.87922774616
12220,320785.01927856327
14064,244699.25643783493
2858,218495.81097973912
13732,222788.89877535775
3371,302547.78821678483
6199,322189.25530492136
7344,190760.97395133536
6180,194615.50759553252
5177,217677.47234650876
7000,165955.44597408082
5624,125062.07211477257
3346,140504.94783744623
12521,197727.29812378518
10610,234515.44595188205
12058,164034.66727156268
12426,215968.37631758052
14852,219414.13988482335
10876,193066.5390332045
7720,160196.23606087145
12275,267043.919128748
9534,226277.85458977596
2333,163220.76845277497
15628,147116.11650554754
5043,168823.80795534333
16704,374668.57871983
14478,151953.7874538949
4429,228650.17743046972
1845,157927.30327805568
3001,174636.37131956336
3752,247869.60085669672
4620,204672.26844867383
12795,218257.7280047476
5604,230401.13181016
4861,221638.408769587
8100,271416.5609991116
15990,210673.42958494846
6561,148458.1844434745
3184,202510.67044694436
9247,254958.2639290205
15016,175155.27023015806
6009,241767.46291572176
11984,180354.9225760512
16215,237051.8922714634
10016,170392.01285047852
15394,281729.1774657651
15724,296212.3753526489
9409,144789.86466373946
12634,194741.91620677232
14316,226685.31575220486
8675,162793.27796823246
3236,177232.76268943754
10087,171237.28025748872
5018,194436.00100636
2728,100357.82957067556
8092,223327.5979271573
10698,134729.17174775817
5859,168091.8373463475
861,213295.05021222547
7990,360068.495390187
4009,234124.61224750907
10964,126068.20596441417
2114,240551.5619867085
13921,220227.30991878052
1602,209893.5256034411
14026,193487.4030616762
1132,170085.51969681092
15469,305429.6589056343
12655,240412.85908300598
16151,199642.34201889933
14649,148497.63241304367
9533,225628.69636838866
7652,321293.8630003613
12991,188904.70437177125
4539,201605.0936404568
395,123421.33372820733
4853,288150.01734658936
12082,146581.17593044078
1406,217985.94627091778
7788,118034.77318930987
4262,260432.04561705876
1046,199479.25526054582
12001,278130.5885176673
10729,183119.8459234581
11822,284635.02647697774
9132,378057.5071835971
14150,186705.51074209757
4752,187829.2805523097
5875,143423.74122632568
7873,202136.19468705967
16046,130061.86148408521
9148,246609.2578976528
10272,265813.0054066012
9490,143667.1178890955
2436,145707.16604685347
526,204802.6096038571
1166,303055.53281705343
13029,224604.64489718736
8264,274896.0944972331
13499,250195.6745361914
14681,153458.71650265477
10625,302449.21977987705
13668,218990.87388297275
4126,210602.50411022996
1527,174994.52632529225
6074,138800.39866289834
16629,175801.39203176944
3231,317848.1587059936
15050,232396.64617571566
16745,127027.14411752176
1318,304849.11341391626
7424,163510.6753396832
8102,169252.15954986698
5468,101407.91370120615
1001,195735.74762024882
7766,170762.99219371832
3139,273910.29729736794
4759,213894.90548196947
5682,281831.427568774
1648,228851.30534845946
10363,166559.09489959863
12901,150793.03457549954
7938,280331.49928688945
9663,268774.91687153437
14868,271352.0265509629
7617,330766.07027919585
5755,313656.77051556366
11519,392983.2556058649
7463,305185.2229179421
14579,242257.06958255684
16283,259797.15001552517
15305,336240.2041461905
12736,307488.47616209305
1506,329093.1096346676
14230,225204.41137974447
14438,264921.596718949
15974,235711.21354186058
3263,182801.7296800426
11227,141024.1380426252
9355,126043.62746184069
326,168887.13722699363
13155,154442.87951300846
2785,271552.57335137884
7047,183921.7063098878
4222,241799.97160734836
4224,124505.82038576237
5181,173325.9215837249
5926,275308.218929064
193,147358.17577163363
12528,128298.24796060956
5128,323588.38263138366
13462,251301.57867392112
5845,169306.15875781927
6872,224253.91089340753
8821,236177.20070903713
5106,146145.43621136248
8164,267709.4585264701
5679,250722.82437402615
2985,206631.45110286365
2106,168693.2649995559
12494,377652.99034758715
15150,177032.66532754322
187,187947.10189031414
497,140488.07932313962
10048,134610.61056806915
15012,157693.06543213362
11229,178865.6339726231
15927,201225.76495651453
12092,122492.85612103884
6693,190358.95796507318
92,273762.5609944539
16220,306245.20191005175
13333,237618.36537857098
7730,118016.26962782515
15250,122108.12560792954
14544,195884.831153463
16105,213310.73639309045
3162,258599.90367532166
2260,183739.37483054196
7004,332362.8351070679
452,222999.1210606671
7828,263522.5214189308
626,186133.79799427418
4583,237771.19800172723
3316,186936.14716399164
2492,282242.456102369
15655,258526.66290113516
12639,192769.46359886957
3848,169920.5134801133
11820,251222.23357282823
1156,339533.5093852749
2910,197637.62767551187
8591,303979.9660764061
14247,183361.53550846555
16660,187821.98613401386
1837,202430.203030843
6461,205179.70968184952
577,237401.4952876722
2825,225981.9616679626
10962,272495.07199777494
8547,228074.47962136584
10019,182478.29501461162
756,343266.5280123809
1709,302414.40995163034
9076,244245.37822086026
3211,201916.6819785086
2535,242491.1340390122
10943,275453.1787292146
16143,264446.563757629
16784,230368.4791090858
16434,286915.2375926878
436,218726.61203247908
4343,175522.594104518
1988,227748.6424699995
11746,224413.41170207027
8412,153195.85491682522
9281,176698.78602890548
6246,163481.2443321651
5440,215885.59430958808
15301,188017.1346487872
1223,241605.40496675973
2714,267960.46548148524
16626,248196.84313385282
382,154771.82395043594
433,244397.15226266137
7210,161814.56969556795
9993,284880.5612428562
5807,173868.23249584303
2373,206689.0400832186
9908,189718.81047288724
5404,184163.7115109893
11023,244574.13088575978
6160,213924.3854184408
4230,199243.85964205285
13858,137736.89832968605
14463,354852.6384479431
15115,205767.2861996487
9862,187717.20285863127
5708,225086.73433027533
272,207249.4914647435
4612,187803.55858732195
13336,240654.78090490197
13944,246134.74964814726
3517,181833.65256212326
422,242138.19483732508
16079,275150.88822492905
8900,248776.27949907986
10819,224129.10600836464
10551,171903.9265974537
3418,268037.92626683717
3889,128789.73266207968
15227,394139.4381988165
13432,366571.908222462
10654,330442.4684722508
16325,222625.13945815864
7510,225716.42977146845
11812,216996.16565146088
7823,165172.08564315335
12160,256217.01974325773
4600,278479.37877518334
5649,200262.64166733786
4896,223670.6681241743
800,212971.7181571279
10111,226043.34911138559
3690,226299.84873326326
10150,331259.74183003086
9526,220295.89605276642
7301,319682.4004503175
655,161047.24284623592
839,244460.00113944366
10505,190085.4350997865
11301,157110.42316219767
15378,419731.7541648333
9593,279744.21218938933
5302,125478.9951170524
7585,340944.62928228144
3611,217421.2664150966
15888,177540.69987325353
13152,243274.4653347241
6208,243222.90070481808
9212,289087.8294014978
6098,259465.14614560548
12314,240763.1285475411
8848,186805.95957249292
8951,191675.58332757553
13572,225062.83885774767
15907,254610.3634556039
14000,277091.73141631833
4514,304038.87622247473
11968,313778.1112250074
12452,221137.87755616673
2163,280201.0662294012
14538,182079.72330968897
11324,170783.35317019385
10441,166402.3978909469
1952,198269.32918749697
11680,181715.34111185226
7649,204205.05719215964
2273,293701.5392900735
1829,142237.65421402635
3776,276842.82988280116
6607,104189.62342577829
10667,323741.07857054035
10950,222208.7924968971
6339,134150.5446768445
12038,209160.04882552265
9406,279019.4072762844
13386,164914.85161819006
13063,215921.70062120788
7319,100654.3610220906
466,185534.28525307105
509,213069.76074918744
14114,238531.6533586991
3497,190420.73406776437
9089,218079.28026566375
13675,215025.8042740787
6672,180887.62231720606
5464,278807.0856538111
16267,169148.50525035884
6372,296318.15573429543
4499,253739.35825826245
16547,206389.291458959
11454,331274.2283874031
9569,173666.60496183886
3279,240197.551515455
2547,180456.11035613815
16013,265926.49861651653
12929,236796.00252546772
12343,271682.2157707756
10359,210474.93200005364
12543,224864.18905511056
11319,215498.1154332385
14724,210616.7446945968
10775,340401.88149352476
8462,164273.7729773738
4724,272879.77444572415
14180,169651.6109452331
5593,337951.3951263175
9151,245342.2848867359
4276,225518.6552591726
13655,228991.24801994924
13674,177521.5618956408
10057,117661.9741910075
10732,139001.13342449238
160,145045.1966758391
7451,228672.49449763604
3512,332702.73924148874
3925,138645.3681091313
14897,140722.06755535665
15963,200169.6699909605
14327,163940.23737281328
11838,161129.1094374286
12255,183582.51372125663
6923,146469.80984253372
8885,131386.03083923814
4722,310101.92093026044
14740,231059.42943686433
4754,171158.46444614965
8674,199142.52470180142
13252,171607.19301354303
1905,176994.4292382127
8585,184868.74583279097
11503,227125.3666378777
8979,230058.8313963319
3879,259827.8796259152
5165,222340.4457354789
15206,179416.74816188484
927,148850.7359424355
8640,261906.71322919737
15401,247353.3490779149
16356,195909.63195384835
5651,137553.30425380473
14405,177733.42117603315
9176,393235.3858359464
16326,147766.39318746538
14371,184133.9319666003
10605,227627.30167906074
8441,205599.8856456186
15433,248700.64596954384
13791,202495.7811955465
6786,218535.12215536437
6750,152966.0853535916
2188,142306.24973588268
4729,217958.10335903597
947,276395.0643613671
1066,221833.59928692342
13916,315392.27246885846
15755,133161.83680848323
14683,201022.03579741175
5590,205512.02172679192
11704,165607.69051133515
9457,173314.56154957553
336,258828.21958681493
8667,356792.65733933373
9989,289154.5774700602
1467,353852.51583782805
15239,264021.34213896294
6380,221480.3065375476
15200,342976.67635196977
10378,274946.7020796225
9867,224138.8695212531
12443,256615.74100094027
15298,343529.2214636915
9136,170288.33346758812
6713,255020.61471722327
4064,224511.99877335335
13576,194245.51730973372
14535,243222.86498728796
13262,327954.32092611917
13852,148746.65393508517
3238,222729.58764079155
1542,259759.81372068875
5796,179479.8038270134
6273,213325.2633965817
13913,178230.95608703454
14113,101667.28715834767
11094,168155.72313988593
3598,305449.53830556734
11881,143442.38350850472
4186,224977.5146268892
105,322494.38758671697
12712,218226.28520114662
10699,147901.10342354735
1522,151417.11978075677
2600,276763.64053413377
12800,249803.71971417137
14794,151205.36001179565
832,112321.39555153839
3543,216308.34277356585
14715,360543.3310918289
15168,187911.37712949346
13592,217783.9852310677
3648,123672.40123590833
15383,170562.77929647226
4245,210422.01818652533
3037,310795.41003451624
4963,230873.05492555303
6321,202019.63225470087
16390,232282.05855972797
4201,137650.97196515644
3696,198500.44655196642
15188,285416.6719391647
1475,302698.9666502579
15248,347271.896120908
621,318412.81571747805
11070,411094.1543499891
3191,276868.82490808377
4786,277005.2187740705
6620,256382.73245936795
9169,166893.96265233337
15908,220223.67211495206
5512,159228.9032367132
16496,120409.38999677292
907,144357.95989477873
2406,283444.41443110124
16135,250028.5508621636
16655,226034.7518726234
15009,153388.2096668223
9075,130879.48332903098
15211,248284.05668698985
11972,166028.43522898754
10693,236110.4981226822
16611,138902.75755218783
14873,191663.86634539953
430,198184.445137961
2978,222899.64212633588
9667,166060.0162711296
11529,141572.03159254754
14115,174341.23658974166
12346,392298.15310086805
7741,222686.70280757733
9160,169657.88119971124
4285,280475.79553880286
16527,193672.11140591506
11537,124387.32860257977
11661,132867.71387699334
16296,275129.3848465739
11551,193061.70576520154
4870,146150.0973844679
10255,250080.3984505196
13980,115224.82591201016
12720,152830.5322849623
4391,111883.7999075301
15559,158050.15323924477
1294,190873.24402741005
4639,226451.6002600094
10815,222383.73603672342
12270,281140.5471757779
14633,152424.95872852148
3733,207117.11866666836
9311,184763.35478134255
14855,251637.61692390539
13819,136384.42385318305
912,317942.04587220505
13565,151806.9454599698
14337,234054.09100671037
5902,181021.2847703881
3939,242118.0818061066
6810,179239.04050018458
6464,299760.5589874477
15753,283505.482701878
8295,183975.43148637138
13160,212699.49673527962
11609,246715.43827379437
6477,144738.82905829005
7833,156941.7111959202
7090,224748.31639509147
4818,171696.36528561375
2954,231946.62181223196
16552,200503.36823865486
13208,247853.14725800668
9235,177776.72475444392
2397,257484.26146194973
3059,280135.9452721671
8245,240552.78803740733
11636,259012.7645590476
694,220130.32047053013
7222,239703.25957689993
13986,339227.96912919433
6083,120603.66133916687
9782,160605.48494231532
15637,183331.50219206925
10696,260914.752324201
16119,286991.0220345978
8198,194027.726819525
14721,245480.1550245352
4704,279566.93309661036
8806,230966.72480381012
14252,277125.44757155416
9139,147788.90242681943
9297,275107.83088758524
8288,256342.71067340585
4879,253077.2808954105
6384,179762.65383777604
116,176996.3843324901
2690,160702.89974475012
2193,290647.87794529146
6378,112416.05069356062
7737,245844.47686775692
15652,161422.48729397694
15578,132601.93560432363
6451,267656.61804735946
15589,171192.74902660574
9532,183521.33929591795
4148,273624.1555281384
1222,322690.29745196
8066,164132.4973867152
2227,128862.78280516318
8814,244305.46929807414
7121,165516.65523253882
7971,222721.84551718162
15812,267618.61196935363
2238,162824.99734963698
11569,153121.52081924467
13209,174095.7716603838
5448,265162.5128685508
5974,322161.0291459574
10379,167420.81441274378
11205,217165.5568121294
12787,190437.75137172634
12773,290742.12479859835
1501,252289.8638350056
3650,203258.22922398464
14850,224773.33189277787
5565,191578.1836870194
11832,224852.68976120546
15866,138637.89035940391
5271,186985.26389878342
11697,228965.190805696
13516,173317.71097274346
6408,235857.511579238
15545,211876.6132068287
1585,229015.33008289261
4609,176621.76240623055
3174,382054.9788185859
13784,259272.7899947586
9385,248659.4180175888
6783,221021.1267542732
3284,200745.73339151527
4988,142060.49705416895
13369,141243.25997702713
5837,297746.0522441285
2637,143784.30695087434
976,163325.77794158296
11904,382921.4190426643
6579,137868.2499073163
12611,135429.00667467696
2898,257279.20254881599
8461,249969.7676964089
15020,208147.3110788582
14262,173093.1384484138
10156,324251.7138778755
4461,156326.39737205137
16666,238384.36059272668
4940,205325.89685580693
9403,157997.90893317305
13638,252831.50691642502
16307,241229.6153623464
4133,189651.94800427608
12316,554923.5423100919
4271,209769.44851368055
7584,283294.47919975367
16502,438440.14373435883
14812,237984.10117717314
5083,264104.6572696847
4385,263489.1468527893
4024,196296.38523740158
5925,116601.52473667357
5603,271392.73872204655
9172,256754.868243
337,196686.3652474229
9767,161027.72690343554
8228,246951.29592752637
14346,181677.3493582043
8946,157115.3574404702
11285,330476.695616958
10588,301478.0045981394
16737,155506.97926434927
2262,249648.32393510814
9851,163540.11455565545
941,271147.0775315561
11487,293700.22452347144
12137,388692.6651071301
10549,152695.63929095812
11359,151566.78681530408
6877,151671.2382467509
12946,97245.98284890188
10555,221343.72357578645
734,221891.3742855502
9888,233252.3860901679
5547,233282.01448621223
10427,248824.87433126278
12081,205192.60185814177
10888,310870.62232656457
4834,153615.55851021642
3282,173240.46257469506
10028,306550.2618249726
13941,145497.9314526004
3838,169815.315321944
4623,338679.0141580351
1119,217519.13413377496
6031,168406.580991221
11068,310912.1082781632
9467,271808.74852519244
1946,298726.70959059836
6511,108790.47694865719
306,201494.4320317576
2837,328797.0583323735
9949,188274.43971761363
12571,221742.00625760062
10974,160117.55160283938
5102,288589.73595293576
8320,200583.53567607596
14341,267951.7360660197
12738,317485.10969071806
5423,306976.82004678086
7852,162870.96896862343
3823,151569.89473152847
1858,142623.4891770776
5777,153252.53236069024
10277,144124.60589154495
8002,285350.43793853273
3964,159451.42901934206
9896,197145.7265428846
1733,190378.9974388
12470,232495.1462132146
12569,246562.1641397357
13468,127253.6222307125
15482,289779.80951833806
4135,178880.854627622
8982,436129.2026225041
1928,134839.02764156758
10170,218232.09678169858
16236,205394.3895610096
9115,105082.74691281939
11183,299010.45863602695
6603,211452.72579436068
8548,299852.7445522926
13883,240193.41872045898
10766,255737.8519325708
9575,285431.79045278445
12048,209887.520736531
928,209683.58522515855
7603,181705.12818172004
12725,165600.42354148004
13055,186048.00995706354
2797,250581.65088422608
651,192171.60077597213
16544,133630.10573688266
3098,186876.73861336987
3015,151122.52116311836
12076,230424.88876615808
13881,274089.4380736622
676,272197.93331274757
6331,267675.9079017951
7681,264070.4995301484
1435,619089.4507317343
5422,277894.209058433
1663,150607.36357722664
10062,253444.87842102896
6476,164919.6731468634
14421,237125.11732110573
12994,251659.58451045665
9513,164033.85045594838
12556,124571.13987829676
3734,326411.49540854467
3109,264114.82744165376
16319,220332.23281679093
5959,191555.18483937194
9438,98633.66254622705
2421,263186.80503175035
11540,269927.94966392015
16561,239235.55150495004
12288,265710.1731602783
9570,197040.10041704663
5936,184600.74357213703
11390,124927.41333574837
6551,209560.5327073657
7746,213629.71361968096
2838,108234.71318437718
3520,192141.1419218576
1341,322137.40159589465
3910,244847.54116298934
5208,191502.46941520902
12599,163956.03000379185
2475,226289.78522581054
10966,196909.7148670025
5910,276424.5002759825
11910,225841.27144047205
10591,219547.22790841642
6618,277152.5025434942
8676,395157.6176493528
11193,226690.76167544496
14101,249146.22312682914
14483,186752.37037248648
8107,256087.1573562168
10681,141272.52528002195
10126,231392.6272008078
4527,203551.5222988068
16537,197444.31086591718
15403,256428.23114775622
11124,300856.1426471566
7468,148681.01834660553
15847,186690.6580551787
9459,335637.4757643103
5903,229294.71719429374
7232,175863.14425229834
3180,222673.30945098965
10105,136922.6500352609
2446,195534.75848679524
5782,169599.74131266645
14982,198976.3356980586
14639,247584.94559005997
16052,214176.30130594556
9342,250188.93867928913
7987,135455.70925669296
12165,397395.6834410147
16728,159799.74902806536
12735,246468.64628667512
939,142921.7687486643
10983,204704.7534257584
1892,220854.1290190643
79,161953.19306287327
7171,200328.76588130055
6194,167672.78512498015
6973,139459.47304579394
2578,265643.20046708226
11344,139794.5574839011
13518,189910.09065242764
15855,335069.7706458285
4387,252563.58104076918
1596,288174.1533681437
4699,278540.0381338742
6613,254868.68110001495
16668,422052.24116058066
1053,232774.4340325587
7924,291893.40865590476
16365,275050.08799349907
6661,165734.28122605343
16444,166678.50904615415
8992,259450.38434134593
11054,286616.0673455906
4883,173904.40773477114
12728,337788.2808177445
11482,166976.01466304407
12561,155898.12670412863
2207,248665.90705931903
11946,119767.00987209263
10552,220019.15947017568
6914,238406.5948445843
3878,226422.4085153931
11208,218508.62675778102
13802,240021.51686527947
845,263685.9808612987
4771,254338.37177283445
11763,333613.84140000027
15982,199194.7277323804
5295,147582.33506880444
2828,245294.83892442659
12717,218948.08643937658
14541,113469.25872195972
12898,92242.62192780955
15190,394915.7987910327
11589,186225.16888333543
14578,119072.65183425695
6716,162119.8318779581
6204,269371.0486899386
10213,280053.54113460553
2961,175508.9246077956
9134,202641.5600826632
9906,276903.21251522924
12114,193734.20161785418
12706,154251.86628012214
192,269033.1965138479
11022,268845.45864489384
2659,324845.3968686648
4533,391705.6737411959
5620,149452.55352591578
12312,176864.28171077004
10896,160200.0372222399
7532,157974.17517034063
5696,307854.36895613745
10743,366337.47909054946
5430,151139.17173809762
4362,140499.28468857834
8197,154789.72726740816
554,144855.0429712534
5906,168245.5790236977
9167,261211.9881813185
10380,186964.14810764813
6209,150195.86341371317
5081,189541.386214212
11071,232479.32058322843
16276,261070.71232555807
2840,193874.97299005766
14414,339948.14842661854
15739,313217.5254789942
4743,198341.1318365693
3156,346004.42446457845
14879,199420.4989786023
758,126301.06582155084
14304,193338.56155696127
1210,312804.8532460524
1137,182836.187078817
6026,211964.9338687464
841,169550.77361706668
3993,206276.49757765286
16554,259220.01170519606
27,144573.0630129691
9428,169037.9283776033
6885,173476.26996437385
2410,236118.583338912
743,264400.4658926461
9361,367850.7550008649
14016,237999.5444765424
14255,121769.23642930464
291,216532.23427214974
13374,290064.5065494657
14948,220518.1881393009
8226,275590.855942638
9547,98998.16599342489
12406,148823.01458114904
8314,188748.20363003056
31,205061.20602790848
15833,213633.53258086863
16718,99256.16559776629
2231,171993.25895826146
16706,333836.722072336
15521,259965.13494349754
1131,237365.94642387464
9595,164025.92867813027
8354,205107.53368926124
13382,276702.0275842142
11393,214684.2137573753
7009,224633.51949245232
5816,148388.87815460836
16032,217732.93922350334
3422,336427.5330415916
7231,162402.71354839997
1565,162642.61202300788
1107,192372.3545912662
1458,187152.78105200187
14039,138645.88991244935
7099,273224.03539986856
4498,255402.82317999762
8760,156282.45666404377
5016,191120.93628355063
5433,182215.84190325066
7847,260426.18967330438
15929,240148.79085303994
9066,279748.67747291166
16152,209428.36446367763
12383,239607.39458780264
7591,265391.0097387148
5333,152754.3617352043
4266,249582.3047625748
7946,216916.5748528939
15594,175765.4492954614
12127,228129.42135080654
7697,396000.7094277423
10020,154319.91728889104
15708,142342.76120115718
414,324727.8500801226
6136,204082.389025427
12482,187824.9212945784
12989,203028.90000874765
2923,414626.2060329832
11169,208629.2743619873
12704,313002.73552951805
3430,175746.48934880877
7790,123855.24303782982
8340,221588.58679773664
11099,120084.62896023982
6566,245855.05302906997
12689,205687.76939918147
4546,214085.85007635952
16734,181628.4678787901
14626,157681.26672428002
9816,204123.8781384257
5055,180585.84698625363
13894,175867.37891123752
2676,164171.22789808887
13860,245673.02775660972
3029,219541.196096191
5048,257551.0549942277
12857,162170.5027630498
15813,141768.73517510452
9973,184487.5261194472
6664,254932.56551905174
2764,245483.73053892434
1068,288940.51882818324
10891,240245.08039917506
10284,320251.562564425
15508,220957.84432472865
15275,213518.46958602045
391,170376.52776601934
10154,180586.1923434856
7256,195167.75742002577
7947,171785.64231176936
4097,170055.8718639004
1526,328809.530016345
16261,268539.37268526125
8470,195611.5087864147
3270,297235.6829002984
11212,276542.54850081145
1261,165038.4985936265
13456,117563.53098000353
13241,201059.24225537723
8526,276748.18396889133
5013,293643.94302202563
10205,307704.67873036483
1346,210072.6383554504
12977,276273.53414625453
10073,154052.59974057577
9623,208629.49323677743
10590,176915.17697872326
2773,273692.24990905024
4444,229873.45362980553
442,159227.9911456735
13461,225694.52649300062
13229,180181.2793535301
8718,203827.7333661819
12847,213746.35823453986
12117,246605.1919748505
9254,279228.2737753585
16290,207943.33521321497
3936,266276.0100989582
12526,179355.1248186541
7302,251552.10000077408
15357,180408.15773614094
2023,181331.5573763395
14843,291599.48836066545
5242,233691.8059802748
14576,178604.64572627307
25,165634.24594461353
11043,168436.54326320888
5047,124177.8259748742
16080,217401.04242472845
2444,206881.80056820082
5459,248734.0459380445
11539,204315.66628277482
14256,206285.05121799785
13840,224599.64996347937
227,134048.77341506723
6238,199535.2295387094
15530,175505.69911581522
594,138695.2019912118
11748,259269.24024656776
5778,180341.35437458186
14066,244606.2245683882
8498,176465.90604631387
6058,264256.2513076212
7992,218721.7394382939
9183,205745.62223242963
13325,247160.7007264027
998,238834.07893099752
3700,189892.32483232283
5094,220209.48079769843
11643,113209.19043864455
8496,216443.98883158213
15418,163959.60355537897
16355,218263.5207143664
9278,227519.95644884242
2707,143342.69890877017
5250,431062.9180596188
12794,275339.2772720232
15958,281479.1233727673
68,269798.9852450361
9505,211593.26411113428
4162,177218.03044940904
14730,121063.21278791735
14671,282723.79862553696
13981,268416.9452945427
4445,277701.623653407
15067,149221.5696861401
444,192984.72221737687
1613,202997.32412330387
8509,336015.28472168837
9846,253784.23990307155
5915,185544.73061977484
12459,278238.0447575412
16009,226958.22226250643
14466,290913.8230139285
7896,189060.79173783335
15529,252349.40243266616
3859,320143.2368726377
16193,194098.53123993066
13010,165004.29967533716
6929,342516.21641561185
6288,243262.29631671467
2842,191272.26541215513
13446,278099.1450668228
10235,154459.53002715978
7654,202300.31716837984
15967,251306.6385280498
8048,151589.98100055085
4253,317598.98939308897
8004,280785.9405763378
4799,202163.52600841055
8558,144467.85343878786
10515,242952.92175641947
8931,297125.81053618266
2396,271122.9924606181
4022,201913.76342704578
12471,232227.05726736272
9829,187796.45602203382
4425,212822.0830249844
9803,325989.24839262845
2189,319749.77123442804
6368,281458.8106848923
4375,313121.5246974546
5622,209311.67521034135
10985,331553.29780293687
159,258065.72184711113
9382,289367.08178581094
11998,222822.38544332754
10542,161856.52168800175
15536,286781.2620580338
2888,262789.01210414164
2830,214669.10746066616
8922,192917.84741691785
16427,202314.70411402587
3251,320508.06037095014
1421,166130.44333731988
14187,224427.00095073803
10166,303648.6306908884
11570,241585.87941329146
8818,186343.7580132326
2949,244787.35950307734
2423,116915.84397137165
15361,254232.51004362194
9692,296340.48054091254
2017,246988.34966094967
4036,168019.95012340444
13377,231533.24379059632
7410,184883.50097974786
8819,270125.8742547572
312,86705.31240625551
14517,144289.65908618143
15090,216299.21451678325
10789,171923.08370291116
1910,181520.64246599516
13121,232368.73467815912
5125,261272.0150727578
1959,177032.1738867805
12034,252896.86949427897
15595,109101.38308640441
6153,150167.0307304524
4053,243734.7108499937
10877,304881.0560885383
4529,175753.60059299285
10158,178606.40538709617
5299,360852.3325122504
11152,252971.8033171937
11914,271320.94321647496
5035,159611.35311454852
979,280246.1115371377
6675,172177.02845617902
11650,288718.92689500196
5611,102506.95533485283
5956,236610.82833656482
16435,221005.82887092518
14599,143265.81146066095
4215,194712.47131154116
8873,208567.80779790378
14918,329425.7739822776
10011,119232.77890033973
11446,177091.59957577207
1535,166309.94198488945
14241,266688.0804628792
9543,183773.26242215862
14215,251915.2651125589
12365,203210.6949593759
6445,291524.56073432084
10702,162010.1670960444
3877,165841.28190422023
15147,188846.2669859382
2324,346680.29009916337
7499,230673.23810411786
3801,308953.06092496193
4284,267519.9437131555
9329,162855.17147649813
3120,311449.7470259719
8058,185872.72802116483
4897,173955.0068498762
4330,135117.46077088162
5453,148607.85995614313
6559,244383.45497472864
425,320039.43867510237
14024,256583.40741269826
10413,151019.38337824726
15294,196514.22993721784
2821,275765.85307717894
16091,238614.24543548236
3642,200214.5683809509
16124,199755.39582141791
16449,188725.54100636172
2392,311770.3502259148
12234,277581.74620628526
15653,119009.71380319021
11663,160602.73591266776
15397,336438.6155533453
11385,202764.13881555432
4505,261399.02980639134
15471,146967.27472763363
4007,300714.43124400015
10251,212804.88482392253
14770,213479.30613217637
1353,245584.29027083627
16335,203465.85252250842
10859,181220.63033051626
8076,174646.04448465095
12506,303468.46229207114
4749,242032.44319594727
12322,187935.66934191715
13910,151453.6797193616
8252,213417.60056552448
2431,259551.3102922025
7537,204230.462269729
4637,355741.82671923476
15290,241092.87181838445
16072,344709.4409294951
6078,226992.23305447708
3847,275418.04956260254
7678,215157.05332934
4862,236728.1210357506
13409,318677.0760939245
12380,172737.49873534666
11004,259239.75545777642
792,154090.13122792426
5687,277925.1500631364
12378,274770.1732632458
9935,132582.37783625344
5674,194195.71054632723
4535,214502.17171686766
7048,153990.33017000346
1143,317046.92902998865
16085,147939.59106912505
10384,151480.78092909738
5006,201231.2817266073
7371,183838.09081545542
4720,137786.7119076958
7577,213018.85357043706
15196,181016.1053801364
8467,271691.8322962863
9220,156892.86997935723
2151,219013.166534563
15824,187509.1324040182
10545,308794.380547329
13403,270693.91602706147
16795,144350.67621661205
6293,198138.7316708364
16024,191482.96731399547
3078,128523.68069562368
6736,192397.91533081123
2778,255059.50656542426
3160,145801.55075168755
1272,229745.39557792118
14776,240544.48206217005
4,116250.81693514076
15732,250097.57438323315
9111,357161.46885125706
8944,227861.027943513
1906,174287.04411398148
16232,167569.3407676635
1839,331898.1430667942
7894,333802.5763812525
1962,244362.17086978134
13358,317230.2077876993
2927,172644.17390077183
14741,244968.97704241105
12317,224017.30406998162
13133,238610.77448568062
1286,162166.1158154069
13679,195971.44700948638
13877,164338.95651250205
1073,266080.76607988804
1778,206827.14870783902
195,218634.25942941906
12350,106828.87666788622
7251,231629.4930792168
7740,183749.46835340897
8956,167589.67637142644
13686,272190.1150574048
2864,155218.33202091296
11331,217177.0840440879
4580,323347.1330407518
8909,307159.4961210225
11932,226159.58072278253
5243,174256.25631443242
13419,259900.50521849107
3459,256379.9016675123
7053,325596.7291217636
14691,315857.25152437616
12535,303323.0520719902
560,327954.64169247914
7514,269168.8003320768
5305,204547.21089639276
11231,204882.07673578855
8803,111867.62970535527
9791,182075.01400551904
5874,337210.3827237458
1440,178800.88230685296
6474,139488.62188514188
12168,175711.19829702104
13187,286769.5688911413
9831,263807.4040635372
15943,189958.8205286021
4679,147478.67766761838
13908,119995.62410535826
13489,233100.73380645213
5691,169908.03495308087
8780,288485.5510607709
11933,232043.32781945
4136,307630.7730854202
12873,184636.4214916312
13330,196884.18850404804
797,160306.0173342937
6450,300646.36062959145
1202,153638.2695831873
174,167162.75213080534
6337,115958.79119755584
6704,167291.412385721
14668,149615.19571770856
9315,209641.7755079487
469,294379.96175831615
10907,252948.62143072125
4548,197990.71953971556
11010,198077.2224462509
9564,237023.24071841117
6776,208399.07998901588
8311,192773.32816347538
14417,172607.68428118993
3892,198365.0630806383
4929,167897.63638409338
10901,216901.21619892027
9349,244539.50819403585
8357,219870.94056536315
829,199621.09650395735
4134,225862.62057712587
4867,224437.10033891856
3701,172326.76423158578
9031,189369.75068275776
1965,278511.91683797
13851,194191.21731628687
9314,236256.89404538687
7386,174748.0667294687
4088,164494.69040528766
14907,395756.2986777678
5991,237157.20254292042
10265,199679.23964841524
15260,140982.78314723878
8053,176330.00964903051
9577,232101.20405989472
15509,179692.98079709098
12153,275042.826575703
4740,196837.70218847273
682,202061.79101994634
12176,284823.55631004996
12385,183073.33384974807
5801,145884.07324145964
12751,132902.46425120474
517,297917.25575023296
4822,241976.0682963496
1129,322017.19017158635
12396,154482.77331098547
11856,283010.02093211917
3653,127228.30268952908
14486,325177.6285674691
3502,157273.52396682173
8808,223143.24163851351
11676,162470.82883114408
7033,243948.76502038015
1681,199762.20613382023
959,346424.13610879803
4871,206623.17111162364
6946,227468.03299270058
13763,213214.61607548175
15320,225946.05276669498
3065,204248.11286073964
14742,157088.04586887948
1716,321785.72690536984
16677,178996.7404642671
206,245519.38689783012
13659,393682.869028513
6342,349480.9880418705
868,299297.3800012155
14886,176383.2962378224
4674,163463.64092015196
6851,179409.1422150982
6443,259661.4548646417
9903,153693.79470599402
8321,224306.70510786836
10686,165529.81664323458
11845,165315.13496899893
2439,234230.67987686535
5461,351535.27868801105
14559,191637.57015902747
13566,280818.4657457676
10492,271421.955672555
3607,233366.12530058448
2844,206158.70253769995
3499,137009.61781198974
7478,294118.0860463778
10883,194286.99477507785
3751,196372.29398028617
5787,161649.22672523517
7853,138001.95534354652
2429,253792.8776828932
2359,260977.09457707783
13926,242809.3403133112
4278,140280.67977508745
14307,239751.0034033676
15677,278276.2465528164
12630,162317.0256470425
16428,330848.4241131913
13285,208467.3027581814
866,109537.89448720845
4015,323394.8393679119
16350,156906.76404132025
14793,95882.98121288989
1409,159356.0458039321
12036,261814.36698318587
9654,104189.56963497371
13106,253735.0165922359
11780,178570.09532662993
355,211286.89381585148
1045,262357.1903356236
4019,211702.42041323427
2048,222130.8066103164
6720,251515.16215414822
8463,225156.66710420512
3202,311361.87628649164
6910,163623.30365148338
5701,213000.23416453844
5386,237224.59153772477
8580,194099.51512096263
5038,249963.02803795622
2526,162772.62787194992
2082,348957.91851207725
3927,188859.8741048891
10975,228218.19444323692
2590,177686.74361692456
9337,187702.97314281214
9368,169342.7689668928
986,211279.39319888537
426,217717.27410780167
16463,162411.83764615637
15406,278709.3488750222
10035,313717.8347921567
9520,308436.61250025494
503,197799.88523766393
8260,277729.37017828104
14309,275679.3403992652
16054,218824.0141240339
5924,150306.25085025583
12843,191225.54666149517
11437,175044.51522450318
1528,243359.58398839587
6401,241410.40707575012
9129,161926.82297930552
16607,127398.86866764777
1473,263627.64239684574
6085,210179.9306653936
4067,252870.90670987545
9178,154317.41251758276
15046,278453.4421842947
13621,182130.63192810793
16065,239329.80049367802
1060,287292.2064640552
1764,273381.7648081896
18,244456.09850291465
3161,314319.2917438801
14329,223968.62145308562
3637,194186.64490534744
9976,233243.0555405998
2074,297334.90846020024
15364,298396.55575638416
11394,261921.89312748384
10222,232132.41383406258
6285,212723.22112728923
15220,132539.05527180713
3528,208109.18220073025
6289,277583.754244447
15784,224301.28522594977
6402,259978.4307434312
3536,182010.6168737976
5645,207165.16885218542
15080,230157.3376162873
9818,321561.55625094555
13496,232292.05786578933
15682,209070.6712063299
6284,207488.75911486172
14342,186146.014762139
8109,167625.01186643325
14818,233756.37545399903
5724,146986.98432088934
7471,131498.3239282102
14905,224778.75839359412
9719,347472.7877038786
10637,377737.8908074242
15949,190599.15765588958
2334,254411.32982103073
3416,239286.75335135683
528,145615.23732675117
1298,143169.17715273268
13728,151186.45486270188
1899,378678.7890217239
16380,222680.08563608222
8147,217610.9180019237
11469,130911.26766147901
7885,284784.7062123721
3498,248688.21249976812
16166,387660.76927562075
2413,266716.4388981731
14653,232457.7563543577
9345,196790.95930806955
822,190333.97022701986
11954,253944.38277012616
7914,308742.55055938114
7394,364563.4030114615
7354,215845.27471394546
13058,167086.96723921044
4836,197764.13203896623
8543,174667.49630235607
188,190922.3729530705
7114,308314.8816899297
13431,232532.55053615494
12869,251349.63284226682
16681,282032.12458499125
16528,148998.77157978524
390,247558.49464419298
11752,161956.35119984555
4408,159548.42486957443
12463,221979.3716228644
12790,295982.1218404734
14577,158825.31267210032
4431,270985.0406097658
1676,207213.43982991972
13993,341148.3914636737
4761,195887.00131898996
14670,234443.48412280018
4795,194636.65783973137
13974,290167.28025623766
6513,270312.3005134079
7695,188387.55819263862
5286,193587.31580659427
4902,242191.83137568104
1124,257187.4538459269
10436,218655.57269627543
14749,245631.60198074824
2609,158666.79630920955
1566,129331.20846997807
3649,201829.94887070713
16101,221391.20600962895
13095,167610.6960412294
14203,149878.62219481007
11019,168760.44499670644
7653,274851.9880293123
9683,294329.8783600433
12110,180481.8631309574
237,207752.81850203773
8855,230537.7944075219
11580,202339.88837307872
16767,295304.526894886
255,226940.3637845806
3586,222848.23531063786
5671,207552.59217087366
10311,297786.4476998438
13280,216128.44769122073
1788,188573.37226886145
3576,312140.8836765868
1285,160346.8441656399
13502,214581.6767384797
6518,158269.9749888428
1729,198999.0620011423
5398,198495.00890982058
1476,217339.41999947297
5057,367580.6998995588
5133,234813.50792394223
2196,379904.827999655
13210,298046.56150242465
7390,287073.7322210312
14632,231462.45637181395
10208,211354.89123253798
8593,142182.1766014087
12474,177286.09942436422
11640,155948.84237278707
4474,126757.59294861852
15313,151514.17345676298
16471,116468.37114204199
12517,226295.84992564277
15437,195042.61254854721
3381,187970.4954580837
15738,224109.68603776273
11356,275121.5035588102
1890,152447.46520145657
15344,170207.85916408472
10567,258320.80224322836
12889,238873.48883893713
15271,301424.0444838412
14191,258387.07994132413
12703,305981.55738266185
2649,243936.420063701
14916,147468.52741768677
12108,231430.19677042123
6070,171565.72772189457
15765,173786.11126529681
1618,211500.0842232692
13874,213616.65619756415
8550,233712.464984663
15759,306862.25534868013
7808,130686.52106195455
1127,216247.5501955059
13108,240459.29011069378
4426,167719.911925386
6175,208460.66468338209
7903,254455.95976024756
9924,194502.7038655043
2322,147577.529242686
13844,165353.17539076268
13871,136754.34000110783
5908,237336.31758135633
429,402501.65673897724
9879,252940.48535369156
15324,254709.16554640903
15616,185070.7406985066
14217,268221.8976174463
13426,298285.2102125903
13286,125588.75831466925
10464,168593.85292303184
10881,163332.09690446046
10664,222303.84291802882
15237,156690.95639546448
15999,264050.5488555044
4816,273624.74461282714
13856,179036.99043918576
2701,221095.84402657748
4016,207956.82000234234
64,184867.40640073403
7017,314100.3837261842
7184,307459.54724907724
15897,317424.9780340603
11444,149357.3669303446
3260,140535.9313447373
3127,145578.33114474814
7899,124323.43737821007
12960,226921.4064153094
4046,167490.15868711116
2190,272115.2704719626
15787,142043.01231335872
1926,258887.82252657367
3944,180950.60561708274
14709,199421.3156770419
13046,154678.32839879912
9845,146040.04259579274
6393,135333.6018583058
11323,193244.06769144582
10352,279139.4214693546
6811,361913.9315965048
2606,282076.6137405535
11660,361151.96849456726
8305,206557.22460401518
14796,205430.15248125204
15587,181334.0690405132
6554,180072.68595234037
7662,275078.3066341813
12078,229338.09431790322
7661,348941.8716434447
2854,261985.5906549606
5241,276204.75018668507
16469,407017.28620173445
16098,208119.0687333935
15049,155579.17301229323
2166,155410.86779562914
16465,269568.11059965217
10594,164256.09433838038
1339,255140.69890308194
6998,211234.66894381575
723,172014.28294225584
4413,191541.4530332231
5026,199827.12963158765
10270,172460.809056114
9571,233227.07320659974
6621,186756.64645534614
7032,99903.49208952615
14719,314327.80580554117
4259,225059.81983557565
3085,255660.56517474924
8767,175067.34218370065
2246,235383.7534753235
1793,169376.1758941412
1630,205218.10947282362
6050,271714.1708264683
4475,150980.56588161405
8932,188703.30742345215
162,151889.61726106924
5692,311488.20022106875
7316,242729.73359540774
9780,381787.1329886796
9739,273340.86031309416
7426,195456.12842834886
11744,256070.11683009862
11907,146470.14098351228
5684,170839.0668076377
10335,101087.03664948547
4466,259457.89908468537
15205,300116.77067630575
6071,190706.1266080347
15862,252776.29385499592
5922,274420.0252890053
16616,274151.565081126
7615,261506.9528853672
7911,195513.3056912709
11265,334769.7138372129
15820,185662.22953214165
6648,223693.97500896791
7117,227639.58923580463
2853,235125.56170514412
4606,213813.944777818
3953,145500.55852481988
3552,175972.99067653588
2675,279837.9124786606
2025,195204.3348790959
8546,241000.22189215594
2807,380150.123722775
8578,228272.294515851
786,280840.242732744
3945,236869.39209960616
16733,135657.45124748052
16191,170405.12467681093
10493,200825.73537091375
6671,240118.52681702003
1622,217163.2297214208
8713,207282.84650597675
14551,187514.0940976005
2646,292360.3468568718
9563,315552.46374836925
4031,177395.53895042097
5155,186802.8622862774
7785,245764.05853472493
307,140741.5568074634
13663,221235.36080288183
10646,139829.03393924172
5615,171843.47875249933
4604,230509.41312097182
9308,133150.18957499956
16789,304857.63576183334
15721,190696.38030389842
4994,313049.5514685405
4034,225108.48048554145
6453,125243.66611901199
8167,233404.49113342114
11657,264420.1653526839
6291,173201.06421572482
16315,317932.2821603027
3677,154595.68821204122
2088,110408.69692985975
3707,171709.61256392318
13197,267087.5299967072
3147,194133.5728625185
14287,122568.50072851416
7940,267823.21997469105
4891,221593.2332772473
7623,303853.86439117626
10671,320142.5882910363
14954,264031.8523779923
16264,189046.87904993113
14461,124387.93243297038
13107,216531.2035260336
8740,255333.26778792328
2824,251070.06583655847
1645,102333.46851006435
15613,141965.38910676521
971,162964.40953983623
13952,188357.07113910856
3320,161403.1016088259
2440,167516.09567810356
6011,311521.69156859495
4141,368982.32465100946
11651,166451.8098827417
14750,244669.2269282969
3711,185143.84882039262
6322,156520.49376187276
6089,231004.69615994167
7137,231050.17642172833
6669,324119.81221867626
3326,330588.67012410396
16087,227276.1452588843
5327,247811.5411218597
13639,209416.20041763847
349,326190.54718423
1740,195353.2064473395
3450,169612.2972318051
5346,412137.28701313207
417,174400.07226930413
15756,183470.5765235247
14090,138444.68437337317
14778,251906.4676353993
2560,156489.88950627472
8249,147200.19482511043
7125,183229.2450714322
13365,335085.35074330313
15937,324523.7939437045
2591,172031.3216463456
15706,225347.8467531029
2105,201522.52615173708
7220,365343.4492011104
14562,253477.47093825857
6836,159452.85041608795
8180,234522.20221018512
4695,129096.7667667641
5783,355803.3311589627
